ela,edge,noise_texture,sharpness,label
1.73,23.98,33.32,43.98,0
2.61,26.26,33.46,44.92,0
1.33,18.04,34.26,50.23,0
3.31,17.65,34.81,51.92,0
3.1,17.99,34.73,50.91,0
2.61,26.26,33.46,44.92,0
2.5,17.07,34.71,51.83,0
2.88,14.85,32.69,52.96,0
0.88,36.7,22.8,17.38,1
3.43,32.82,28.67,20.75,1
2.73,33.1,30.89,46.37,1
2.7,32.85,24.27,3.12,1
3.01,30.18,33.21,19.88,1
1.64,70.83,9.53,66.72,1
2.74,35.26,16.32,34.39,1
2.28,83.85,100.0,100.0,1
0.89,85.07,5.18,71.16,0
0.74,91.23,6.71,72.69,0
1.1,88.68,5.79,75.47,0
1.09,92.86,5.91,67.59,0
0.87,86.42,8.35,64.68,0
0.74,91.23,6.71,72.69,0
1.13,92.38,2.31,58.72,0
1.3,83.94,5.81,65.57,0
0.75,13.58,61.07,58.48,1
0.36,5.98,60.32,58.53,1
0.36,33.81,42.67,15.93,1
0.49,58.67,44.89,31.27,1
0.55,34.27,50.92,50.88,1
0.86,8.02,60.54,58.64,1
0.38,57.74,51.33,26.33,1
0.16,31.35,2.64,49.82,1
1.74,22.26,31.86,45.97,0
2.79,24.52,22.41,51.64,0
1.86,26.18,14.47,47.36,0
0.4,23.09,29.79,43.36,0
5.38,25.45,29.42,43.64,0
1.45,24.49,29.44,43.15,0
1.76,24.24,27.8,43.74,0
1.76,24.24,27.8,43.74,0
2.45,12.78,32.67,53.4,1
0.7,43.78,29.39,48.85,1
2.86,10.2,46.3,57.48,1
1.05,77.28,100.0,100.0,1
2.93,15.15,40.92,55.34,1
2.75,36.78,60.32,58.12,1
2.67,10.35,48.02,57.69,1
1.83,71.12,9.93,42.75,1
4.49,9.86,9.18,39.21,0
3.95,13.58,7.3,36.59,0
1.76,13.75,10.43,33.5,0
2.19,12.84,21.79,48.65,0
1.97,12.38,9.74,36.4,0
2.57,13.49,21.76,48.79,0
1.97,12.38,9.74,36.4,0
1.97,12.38,9.74,36.4,0
0.98,53.89,100.0,100.0,1
0.79,54.48,100.0,100.0,1
1.79,61.0,21.5,68.36,1
2.01,31.53,8.14,27.54,1
1.55,68.52,100.0,100.0,1
1.78,27.78,65.47,33.17,1
1.07,80.95,89.41,100.0,1
2.82,32.97,9.68,22.5,1
1.32,35.15,29.17,28.05,0
0.61,37.38,32.64,32.05,0
0.66,39.71,31.15,29.27,0
0.61,37.38,32.64,32.05,0
0.87,34.64,33.73,32.47,0
1.16,40.89,30.47,25.43,0
0.47,44.27,29.94,28.29,0
1.02,37.31,31.23,29.79,0
0.82,19.17,47.77,56.48,1
1.06,20.22,53.78,28.79,1
1.07,35.62,31.22,42.56,1
1.06,24.93,42.54,53.14,1
1.16,82.59,26.91,2.4,1
0.74,18.17,59.32,59.05,1
1.05,12.68,55.04,57.88,1
1.06,29.0,48.97,45.04,1
4.5,8.01,4.71,48.71,0
0.29,6.4,5.08,48.87,0
2.37,7.26,18.86,55.14,0
2.83,6.42,1.97,50.8,0
2.37,7.26,18.86,55.14,0
2.36,4.0,0.13,49.5,0
2.63,4.0,1.93,51.06,0
3.78,7.85,8.31,46.69,0
3.95,23.12,29.01,40.23,1
0.79,33.88,2.19,34.8,1
2.38,79.23,100.0,100.0,1
1.13,75.04,100.0,100.0,1
0.21,28.54,12.24,30.66,1
1.42,60.68,100.0,100.0,1
1.62,31.35,4.51,15.67,1
0.79,9.54,40.51,53.47,1
2.13,1.06,7.7,31.83,0
2.87,1.66,6.09,48.14,0
4.55,1.45,15.2,53.71,0
1.65,0.0,4.08,43.19,0
2.88,1.01,10.87,53.1,0
2.5,0.0,28.19,39.85,0
2.69,0.95,2.5,36.06,0
3.32,0.98,9.77,50.18,0
2.75,37.73,64.32,56.46,1
2.01,34.34,37.33,18.48,1
1.37,45.99,100.0,100.0,1
2.73,32.48,60.5,54.53,1
2.73,24.39,42.08,100.0,1
0.77,67.08,45.09,26.4,1
1.45,13.17,42.63,100.0,1
0.37,11.45,58.8,55.81,1
3.71,12.02,12.96,39.02,0
2.4,13.54,10.95,43.99,0
3.38,10.1,15.65,49.58,0
2.83,14.73,7.61,42.22,0
2.36,14.78,10.43,42.88,0
3.83,10.22,7.26,40.96,0
2.45,12.62,15.12,52.85,0
2.83,14.73,7.61,42.22,0
2.3,40.67,55.44,58.03,1
2.32,15.17,27.22,45.09,1
2.31,9.95,52.42,57.28,1
2.31,9.12,48.49,57.82,1
1.3,26.77,42.55,54.06,1
1.97,66.04,5.52,40.5,1
2.42,35.16,30.96,49.62,1
1.17,9.49,49.73,56.79,1
3.26,24.12,11.69,49.72,0
1.95,21.14,13.76,53.63,0
2.17,19.73,9.88,50.88,0
2.16,18.81,9.62,51.44,0
2.4,14.91,16.62,54.09,0
2.18,24.57,12.73,53.87,0
1.37,17.56,23.64,54.49,0
2.17,19.73,9.88,50.88,0
1.98,11.75,55.86,55.79,1
2.2,24.08,2.55,38.76,1
0.71,34.54,2.87,35.08,1
2.18,30.84,11.45,37.51,1
1.98,11.75,55.86,55.79,1
2.26,34.79,50.23,58.25,1
2.28,39.69,33.72,56.15,1
1.22,13.54,49.09,56.03,1
2.52,18.61,10.81,28.62,0
0.38,18.41,14.01,37.63,0
0.38,18.41,14.01,37.63,0
2.62,22.07,13.49,30.29,0
2.54,24.44,11.19,30.59,0
2.81,23.39,13.69,31.85,0
3.16,18.14,13.43,37.31,0
2.62,22.07,13.49,30.29,0
1.21,74.28,26.23,100.0,1
1.23,78.94,26.59,7.9,1
2.48,14.32,55.06,56.85,1
2.48,14.52,53.71,56.87,1
3.15,67.47,79.05,7.02,1
2.48,18.48,56.73,3.47,1
0.19,90.96,100.0,100.0,1
2.48,18.48,56.73,3.47,1
0.87,32.66,16.97,25.17,0
1.25,31.84,24.65,44.65,0
1.25,31.84,24.65,44.65,0
1.98,40.14,10.85,22.12,0
1.25,31.84,24.65,44.65,0
1.36,39.64,17.2,30.02,0
0.94,31.94,15.9,27.9,0
0.32,32.33,15.92,27.92,0
0.42,96.06,100.0,100.0,1
0.71,19.03,55.61,58.7,1
0.41,37.8,34.99,31.59,1
0.52,40.45,41.18,52.98,1
0.71,19.03,55.61,58.7,1
0.75,35.45,55.03,54.84,1
0.85,36.5,39.83,35.02,1
0.28,37.0,46.18,55.1,1
0.96,34.0,42.28,57.32,0
0.81,35.6,39.57,56.91,0
1.25,33.71,39.11,56.94,0
1.25,35.31,42.47,57.47,0
0.81,35.4,42.2,57.33,0
0.93,33.88,40.32,57.28,0
0.65,32.76,39.33,56.81,0
0.42,34.98,40.87,57.19,0
0.8,0.9,52.36,59.25,1
0.31,8.71,46.79,58.94,1
0.69,2.31,56.63,59.73,1
0.7,2.4,58.12,59.65,1
0.55,56.76,13.56,13.38,1
0.71,24.42,54.64,57.93,1
0.69,0.88,51.7,59.58,1
0.55,100.0,54.92,76.31,1
0.76,64.23,4.68,47.47,0
0.96,60.04,2.29,42.15,0
1.1,72.0,6.68,19.88,0
1.08,49.32,5.65,42.36,0
1.18,72.4,8.29,34.03,0
0.56,70.56,1.97,28.73,0
0.56,70.56,1.97,28.73,0
0.99,50.68,1.98,45.01,0
1.01,36.18,60.79,55.48,1
0.6,20.01,61.49,57.24,1
0.92,42.21,60.25,57.86,1
1.02,38.25,58.96,56.23,1
1.01,36.18,60.79,55.48,1
0.91,20.52,61.54,56.98,1
0.68,28.12,55.99,52.14,1
0.63,6.69,62.02,57.9,1
